Title, Date, Duration, Topic
"How to use Java generics to avoid ClassCastExceptions", "Oct 10, 2024", "23 mins", "Java"
"Exception handling in Java: Advanced features and types", "Sep 19, 2024", "23 mins", "Java"
"Exception handling in Java: The basics", "Sep 12, 2024", "21 mins", "Java"
"Packages and static imports in Java", "Sep 05, 2024", "22 mins", "Core Java"
"Static classes and inner classes in Java", "Aug 29, 2024", "19 mins", "Java"
"Java polymorphism and its types", "Aug 20, 2024", "15 mins", "Java"
"Deciding and iterating with Java statements", "Jul 23, 2024", "27 mins", "Java"
"How to describe Java code with annotations", "Jul 02, 2024", "11 mins", "Core Java"
"How to use assertions in Java", "Jun 25, 2024", "11 mins", "Java"
"How to use typesafe enums in Java", "Jun 18, 2024", "11 mins", "Java"
"Evaluate Java expressions with operators", "Jun 11, 2024", "36 mins", "Java"
"Inheritance in Java, Part 1: The extends keyword", "Jun 04, 2024", "11 mins", "Java"
"Inheritance in Java, Part 2: Object and its methods", "Jun 04, 2024", "23 mins", "Java"
"Class and object initialization in Java", "May 24, 2024", "15 mins", "Java"
"Classes and objects in Java", "May 24, 2024", "27 mins", "Java"
"Get started with method references in Java", "Nov 12, 2019", "13 mins", "Java"
"Get started with lambda expressions in Java", "Nov 07, 2019", "20 mins", "Java"
"Interfaces in Java", "Jul 15, 2019", "28 mins", "Core Java"
"Elementary Java language features", "Apr 23, 2019", "29 mins", "Core Java"
"Learn Java from the ground up", "Apr 18, 2019", "19 mins", "Core Java"
"Regular expressions in Java, Part 2: The Regex API", "May 16, 2017", "26 mins", "Core Java"
"Regular expressions in Java, Part 1: Pattern matching and the Pattern class", "Apr 13, 2017", "22 mins", "Core Java"
"Java 101: The essential Java language features tour, Part 7", "Apr 16, 2015", "29 mins", "Core Java"
"Java 101: The essential Java language features tour, Part 6", "Mar 12, 2015", "18 mins", "Core Java"
"Java 101: The essential Java language features tour, Part 5", "Sep 22, 2014", "16 mins", "Core Java"
"Java 101: The essential Java language features tour, Part 4", "Jun 05, 2014", "16 mins", "Core Java"
"Java 101: The essential Java language features tour, Part 3", "Mar 13, 2014", "15 mins", "Core Java"
"Java 101: The essential Java language features tour, Part 2", "Jan 21, 2014", "17 mins", "Core Java"
"Java 101: The essential Java language features tour, Part 1", "Sep 20, 2013", "26 mins", "Core Java"
"Java 101: Java concurrency without the pain, Part 2", "Aug 13, 2013", "35 mins", "Core Java"
"Java 101: Java concurrency without the pain, Part 1", "Jun 20, 2013", "34 mins", "Core Java"
"Java 101: Catching up with the Java Date and Time API", "Apr 08, 2013", "24 mins", "Core Java"
"Java 101: Javaâ€™s character and assorted string classes support text-processing", "Oct 04, 2002", "39 mins", "Core Java"
"Java 101: Packages organize classes and interfaces", "Sep 06, 2002", "24 mins", "Core Java"
"Java 101: Understanding Java threads, Part 4: Thread groups, volatility, and thread-local variables", "Aug 02, 2002", "31 mins", "Core Java"
"Java 101: Understanding Java threads, Part 3: Thread scheduling and wait/notify", "Jul 05, 2002", "36 mins", "Core Java"
"Java 101: Understanding Java threads, Part 2: Thread synchronization", "Jun 07, 2002", "22 mins", "Core Java"
"Java 101: Understanding Java threads, Part 1: Introducing threads and runnables", "May 03, 2002", "24 mins", "Core Java"
"Java 101: Trash talk, Part 2", "Jan 04, 2002", "24 mins", "Core Java"
"Java 101: Trash talk, Part 1", "Dec 07, 2001", "24 mins", "Core Java"
"Java 101: Class and object initialization", "Nov 02, 2001", "28 mins", "Core Java"
"Java 101: The ins and outs of standard input/output", "Mar 02, 2001", "16 mins", "Core Java"
"Java 101: Applications, applets, and hybrids", "Nov 03, 2000", "25 mins", "Core Java"
"Java 101: Class action", "Sep 01, 2000", "12 mins", "Core Java"
